<?xml version="1.0" encoding="UTF-8"?>
<project-private xmlns="http://www.netbeans.org/ns/project-private/1">
    <editor-bookmarks xmlns="http://www.netbeans.org/ns/editor-bookmarks/2" lastBookmarkId="0"/>
    <open-files xmlns="http://www.netbeans.org/ns/projectui-open-files/2">
        <group name="Ficheros">
            <file>file:/D:/proyectosNetBeans/Youtube/Ficheros/ejercicio_ficheros_DDR_19/src/ejercicio_ficheros_ddr_19/Contacto.java</file>
            <file>file:/D:/proyectosNetBeans/Youtube/Ficheros/ejercicio_ficheros_DDR_19/src/ejercicio_ficheros_ddr_19/Ejercicio_ficheros_DDR_19.java</file>
            <file>file:/D:/proyectosNetBeans/Youtube/Ficheros/ejercicio_ficheros_DDR_19/src/ejercicio_ficheros_ddr_19/Agenda.java</file>
        </group>
    </open-files>
</project-private>
